{"cameraMode":{"drawMode":0,"name":"Shaded","section":"Shading Mode"},"sceneLighting":true,"audioPlay":false,"sceneViewState":{"m_AlwaysRefresh":false,"showFog":true,"showSkybox":true,"showFlares":true,"showImageEffects":true,"showParticleSystems":true,"showVisualEffectGraphs":true,"m_FxEnabled":true},"in2DMode":false,"pivot":{"x":-9.661309242248536,"y":0.024016499519348146,"z":-8.493124961853028},"rotation":{"x":0.010839555412530899,"y":0.9496590495109558,"z":-0.3113477826118469,"w":0.033062487840652469},"size":2.0435431003570558,"orthographic":false}