{"cameraMode":{"drawMode":0,"name":"Shaded","section":"Shading Mode"},"sceneLighting":true,"audioPlay":false,"sceneViewState":{"m_AlwaysRefresh":false,"showFog":true,"showSkybox":true,"showFlares":true,"showImageEffects":true,"showParticleSystems":true,"showVisualEffectGraphs":true,"m_FxEnabled":true},"in2DMode":false,"pivot":{"x":-5.11410665512085,"y":2.7511751651763918,"z":12.754730224609375},"rotation":{"x":0.09672412276268006,"y":-0.023887917399406434,"z":0.0023078026715666057,"w":0.9950572848320007},"size":13.287703514099121,"orthographic":false}