{"cameraMode":{"drawMode":0,"name":"Shaded","section":"Shading Mode"},"sceneLighting":true,"audioPlay":false,"sceneViewState":{"m_AlwaysRefresh":false,"showFog":true,"showSkybox":true,"showFlares":true,"showImageEffects":true,"showParticleSystems":true,"showVisualEffectGraphs":true,"m_FxEnabled":true},"in2DMode":false,"pivot":{"x":15.265949249267579,"y":10.112457275390625,"z":36.96696472167969},"rotation":{"x":0.005672534927725792,"y":-0.08031702041625977,"z":-0.0004542281967587769,"w":-0.9967691898345947},"size":27.088363647460939,"orthographic":false}