{"cameraMode":{"drawMode":0,"name":"Shaded","section":"Shading Mode"},"sceneLighting":false,"audioPlay":false,"sceneViewState":{"m_AlwaysRefresh":false,"showFog":true,"showSkybox":false,"showFlares":true,"showImageEffects":true,"showParticleSystems":true,"showVisualEffectGraphs":true,"m_FxEnabled":true},"in2DMode":false,"pivot":{"x":-0.4810599684715271,"y":0.002773236483335495,"z":3.7534093856811525},"rotation":{"x":0.02881402149796486,"y":-0.513080358505249,"z":-0.017274994403123857,"w":-0.8577139973640442},"size":0.3210965394973755,"orthographic":false}