{"cameraMode":{"drawMode":0,"name":"Shaded","section":"Shading Mode"},"sceneLighting":false,"audioPlay":false,"sceneViewState":{"m_AlwaysRefresh":false,"showFog":true,"showSkybox":false,"showFlares":true,"showImageEffects":true,"showParticleSystems":true,"showVisualEffectGraphs":true,"m_FxEnabled":true},"in2DMode":false,"pivot":{"x":-12.330484390258789,"y":2.973938226699829,"z":11.182638168334961},"rotation":{"x":0.0010824539931491018,"y":-0.6845043897628784,"z":0.0010394112905487419,"w":0.7290462255477905},"size":3.5845565795898439,"orthographic":false}