{"cameraMode":{"drawMode":0,"name":"Shaded","section":"Shading Mode"},"sceneLighting":true,"audioPlay":false,"sceneViewState":{"m_AlwaysRefresh":false,"showFog":true,"showSkybox":true,"showFlares":true,"showImageEffects":true,"showParticleSystems":true,"showVisualEffectGraphs":true,"m_FxEnabled":true},"in2DMode":false,"pivot":{"x":-0.3638588786125183,"y":-3.5664689540863039,"z":21.2802677154541},"rotation":{"x":0.11406205594539643,"y":-0.006826289929449558,"z":0.0007833801792003214,"w":0.9934967160224915},"size":12.421003341674805,"orthographic":false}