{"cameraMode":{"drawMode":0,"name":"Shaded","section":"Shading Mode"},"sceneLighting":true,"audioPlay":false,"sceneViewState":{"m_AlwaysRefresh":false,"showFog":true,"showSkybox":true,"showFlares":true,"showImageEffects":true,"showParticleSystems":true,"showVisualEffectGraphs":true,"m_FxEnabled":true},"in2DMode":false,"pivot":{"x":-0.36000001430511477,"y":7.574999809265137,"z":0.03900003433227539},"rotation":{"x":0.44920194149017336,"y":-0.530358076095581,"z":0.4001751244068146,"w":0.5977576971054077},"size":3.110515594482422,"orthographic":false}