{"cameraMode":{"drawMode":0,"name":"Shaded","section":"Shading Mode"},"sceneLighting":false,"audioPlay":false,"sceneViewState":{"m_AlwaysRefresh":false,"showFog":true,"showSkybox":false,"showFlares":true,"showImageEffects":true,"showParticleSystems":true,"showVisualEffectGraphs":true,"m_FxEnabled":true},"in2DMode":false,"pivot":{"x":12.022522926330567,"y":2.096700668334961,"z":8.890558242797852},"rotation":{"x":-0.03883185237646103,"y":0.09011541306972504,"z":-0.0035196503158658745,"w":-0.9951848387718201},"size":1.9352562427520753,"orthographic":false}