{"cameraMode":{"drawMode":0,"name":"Shaded","section":"Shading Mode"},"sceneLighting":true,"audioPlay":false,"sceneViewState":{"m_AlwaysRefresh":false,"showFog":true,"showSkybox":true,"showFlares":true,"showImageEffects":true,"showParticleSystems":true,"showVisualEffectGraphs":true,"m_FxEnabled":true},"in2DMode":false,"pivot":{"x":-1.2272605895996094,"y":-3.1190295219421388,"z":8.56639575958252},"rotation":{"x":0.1896008551120758,"y":-0.024726279079914094,"z":0.004781182389706373,"w":0.9815745949745178},"size":12.12435531616211,"orthographic":false}