{"cameraMode":{"drawMode":0,"name":"Shaded","section":"Shading Mode"},"sceneLighting":false,"audioPlay":false,"sceneViewState":{"m_AlwaysRefresh":false,"showFog":true,"showSkybox":false,"showFlares":true,"showImageEffects":true,"showParticleSystems":true,"showVisualEffectGraphs":true,"m_FxEnabled":true},"in2DMode":false,"pivot":{"x":-6.540250778198242,"y":18.973661422729493,"z":5.469605922698975},"rotation":{"x":0.1983668953180313,"y":-0.033811479806900027,"z":0.0068471236154437069,"w":0.9795284867286682},"size":6.266026496887207,"orthographic":false}