{"cameraMode":{"drawMode":0,"name":"Shaded","section":"Shading Mode"},"sceneLighting":true,"audioPlay":false,"sceneViewState":{"m_AlwaysRefresh":false,"showFog":true,"showSkybox":true,"showFlares":true,"showImageEffects":true,"showParticleSystems":true,"showVisualEffectGraphs":true,"m_FxEnabled":true},"in2DMode":false,"pivot":{"x":245.61587524414063,"y":235.9932098388672,"z":-224.6582489013672},"rotation":{"x":-0.028480062261223794,"y":-0.02703692391514778,"z":-0.0009786521550267935,"w":0.9993820190429688},"size":89.40498352050781,"orthographic":false}