{"cameraMode":{"drawMode":0,"name":"Shaded","section":"Shading Mode"},"sceneLighting":false,"audioPlay":false,"sceneViewState":{"m_AlwaysRefresh":false,"showFog":true,"showSkybox":false,"showFlares":true,"showImageEffects":true,"showParticleSystems":true,"showVisualEffectGraphs":true,"m_FxEnabled":true},"in2DMode":false,"pivot":{"x":18.329931259155275,"y":-18.276947021484376,"z":74.65222930908203},"rotation":{"x":0.1348501741886139,"y":0.026746027171611787,"z":-0.003644506214186549,"w":0.990511417388916},"size":43.605342864990237,"orthographic":false}